{
    "id": 4,
    "name": "Đề lịch sử",
    "description": "Đề ôn tập lịch sử kì 1",
    "image": "./image/lich-su.png",
    "questions": [
        {
            "id": 1010,
            "name": "   Lịch sử  được hiểu là",
            "questionTypeId": 1,
            "options": [
                {
                    "id": 1055,
                    "questionId": 1010,
                    "name": "A. những gì đã xảy ra trong quá khứ.",
                    "isAnswer": false
                },
                {
                    "id": 1056,
                    "questionId": 1010,
                    "name": "B. sự hiểu biết của con người về quá khứ.",
                    "isAnswer": false
                },
                {
                    "id": 1057,
                    "questionId": 1010,
                    "name": "C. sự ghi lại các sự kiện diễn ra xung quanh con người.",
                    "isAnswer": false
                },
                {
                    "id": 1058,
                    "questionId": 1010,
                    "name": "D.khoa học tìm hiểu về qua khứ.",
                    "isAnswer": true
                }
            ],
            "questionType": {
                "id": 1,
                "name": "Multiple Choice",
                "isActive": true
            }
        },
        {
            "id": 1011,
            "name": "  Phân môn lịch sử mà chúng ta được học là",
            "questionTypeId": 1,
            "options": [
                {
                    "id": 1055,
                    "questionId": 1010,
                    "name": "A .môn học tìm hiểu quá trình hình thành và phát triển của xã hội loài người từ khi con người xuất hiện cho đến ngày nay.",
                    "isAnswer": true
                },
                {
                    "id": 1057,
                    "questionId": 1010,
                    "name": "B. môn học tìm hiểu lịch sử thay đổi của trái đất dưới tác động của con người.",
                    "isAnswer": false
                },
                {
                    "id": 1056,
                    "questionId": 1010,
                    "name": "C. môn học tìm hiểu tất cả những gì đã xảy ra trong quá khứ",
                    "isAnswer": false
                },
                {
                    "id": 1058,
                    "questionId": 1010,
                    "name": "D. môn học tìm  hiểu những chuyện cổ tích do người xưa kể lại.",
                    "isAnswer": false
                }
            ],
            "questionType": {
                "id": 1,
                "name": "Multiple Choice",
                "isActive": true
            }
        },
        {
            "id": 1012,
            "name": "  Hình 1(trang 9,SGK) giúp em hiểu biết về",
            "questionTypeId": 1,
            "options": [
                {
                    "id": 1055,
                    "questionId": 1010,
                    "name": "A.sự thay đổi của các loại hình máy tính điện tử qua thời gian.",
                    "isAnswer": false
                },
                {
                    "id": 1057,
                    "questionId": 1010,
                    "name": "B.Sự xuất hiện của máy tính điện tử trên thế giới.",
                    "isAnswer": false
                },
                {
                    "id": 1056,
                    "questionId": 1010,
                    "name": "C.sự thay đổi của máy tính điện tử qua thời gian, đó chính là lịch sử phát triển của máy tính điện tử.",
                    "isAnswer": true
                },
                {
                    "id": 1058,
                    "questionId": 1010,
                    "name": "D.đặc điểm của các thế hệ máy tính điện tử.",
                    "isAnswer": false
                }
            ],
            "questionType": {
                "id": 1,
                "name": "Multiple Choice",
                "isActive": true
            }
        },
        {
            "id": 1013,
            "name": " Học lịch sử để biết:",
            "questionTypeId": 1,
            "options": [
                {
                    "id": 1055,
                    "questionId": 1010,
                    "name": "A. Đúc kết những bài học kinh nghiệm về sự thành công và thất bại.",
                    "isAnswer": false
                },
                {
                    "id": 1057,
                    "questionId": 1010,
                    "name": "B. Cội nguồn dân tộc",
                    "isAnswer": false
                },
                {
                    "id": 1056,
                    "questionId": 1010,
                    "name": "C. Truyền thống lịch sử của dân tộc     ",
                    "isAnswer": false
                },
                {
                    "id": 1058,
                    "questionId": 1010,
                    "name": "D. Cả 3 ý dưới đều đúng",
                    "isAnswer": true
                }
            ],
            "questionType": {
                "id": 1,
                "name": "Multiple Choice",
                "isActive": true
            }
        },
        {
            "id": 1014,
            "name": "  Tư liệu hiện vật là",
            "questionTypeId": 1,
            "options": [
                {
                    "id": 1055,
                    "questionId": 1010,
                    "name": "A.di tích, đồ vật của người xưa còn được giữ lại trong lòng đất hay trên mặt đất.",
                    "isAnswer": true
                },
                {
                    "id": 1057,
                    "questionId": 1010,
                    "name": "B.những lời mô tả về các hiện vật của người xuwad]ơcj lưu truyền lại.",
                    "isAnswer": false
                },
                {
                    "id": 1056,
                    "questionId": 1010,
                    "name": "C.đồ dùng mà thầy cô giáo em sử dụng để dạy học.",
                    "isAnswer": false
                },
                {
                    "id": 1058,
                    "questionId": 1010,
                    "name": "D.bản ghi chép, nhật kí hành trình của các nhà thám hiểm trong quá khứ.",
                    "isAnswer": false
                }
            ],
            "questionType": {
                "id": 1,
                "name": "Multiple Choice",
                "isActive": true
            }
        },
        {
            "id": 1015,
            "name": "  Tư liệu chữ viết là",
            "questionTypeId": 1,
            "options": [
                {
                    "id": 1055,
                    "questionId": 1010,
                    "name": "A.những hình khắc trên bia đá.",
                    "isAnswer": false
                },
                {
                    "id": 1057,
                    "questionId": 1010,
                    "name": "B.những hình vẽ trên vách đá của người nguyên thủy.",
                    "isAnswer": false
                },
                {
                    "id": 1056,
                    "questionId": 1010,
                    "name": "C.những bản ghi; sách được in, khắc bằng chữ viết; vở chép tay… từ quá khứ còn được lưu lại đến ngày nay.",
                    "isAnswer": true
                },
                {
                    "id": 1058,
                    "questionId": 1010,
                    "name": "D.những  chuyện cổ tích.",
                    "isAnswer": false
                }
            ],
            "questionType": {
                "id": 1,
                "name": "Multiple Choice",
                "isActive": true
            }
        },
        {
            "id": 1016,
            "name": " Truyền thuyết “Sơn Tinh –Thủy Tinh” cho biết điều gì về lịch sử của dân tộc ta?",
            "questionTypeId": 1,
            "options": [
                {
                    "id": 1055,
                    "questionId": 1010,
                    "name": "A. Truyền thống chống giặc ngoại xâm.",
                    "isAnswer": false
                },
                {
                    "id": 1056,
                    "questionId": 1010,
                    "name": "B.Truyền thống làm thủy lợi, chống thiên tai.",
                    "isAnswer": true
                },
                {
                    "id": 1057,
                    "questionId": 1010,
                    "name": "C. Truyền thống nhân đạo, trọng chính nghĩa",
                    "isAnswer": false
                },
                {
                    "id": 1058,
                    "questionId": 1010,
                    "name": "D. Nguồn gốc dân tộc Việt Nam.",
                    "isAnswer": false
                }
            ],
            "questionType": {
                "id": 1,
                "name": "Multiple Choice",
                "isActive": true
            }
        },
        {
            "id": 1017,
            "name": " Hình 4. Những tấm bia ghi tên người đỗ Tiến sĩ thời xưa ở Văn Miếu (Hà nội) (trang 12, SGK) thuộc loại tư liệu nào?",
            "questionTypeId": 1,
            "options": [
                {
                    "id": 1055,
                    "questionId": 1010,
                    "name": "C. Tư liệu hiện vật",
                    "isAnswer": false
                },
                {
                    "id": 1056,
                    "questionId": 1010,
                    "name": "B. Tư liệu chữ viết",
                    "isAnswer": false
                },
                {
                    "id": 1057,
                    "questionId": 1010,
                    "name": "C.Cả tư liệu hiện vật và chữ viết.",
                    "isAnswer": true
                },
                {
                    "id": 1058,
                    "questionId": 1010,
                    "name": "D. Tư liệu truyền miệng.",
                    "isAnswer": false
                }
            ],
            "questionType": {
                "id": 1,
                "name": "Multiple Choice",
                "isActive": true
            }
        },
        {
            "id": 1018,
            "name": " Dựa vào đâu để biết và dựng lại lịch sử?",
            "questionTypeId": 1,
            "options": [
                {
                    "id": 1055,
                    "questionId": 1010,
                    "name": "A. Cả 3 nguồn tư liệu dưới.                      ",
                    "isAnswer": true
                },
                {
                    "id": 1057,
                    "questionId": 1010,
                    "name": "B. Tư liệu hiện vật.",
                    "isAnswer": false
                },
                {
                    "id": 1056,
                    "questionId": 1010,
                    "name": "C. Tư liệu truyền miêng.                          ",
                    "isAnswer": false
                },
                {
                    "id": 1058,
                    "questionId": 1010,
                    "name": "D. Tư liệu chữ viết",
                    "isAnswer": false
                }
            ],
            "questionType": {
                "id": 1,
                "name": "Multiple Choice",
                "isActive": true
            }
        },
        {
            "id": 1019,
            "name": " Bia đá thuộc loại tư liệu nào?",
            "questionTypeId": 1,
            "options": [
                {
                    "id": 1055,
                    "questionId": 1010,
                    "name": "A. Hiện vật                                        ",
                    "isAnswer": true
                },
                {
                    "id": 1056,
                    "questionId": 1010,
                    "name": "B. Truyền miêng",
                    "isAnswer": false
                },
                {
                    "id": 1057,
                    "questionId": 1010,
                    "name": "C. Chữ viết                                       ",
                    "isAnswer": false
                },
                {
                    "id": 1058,
                    "questionId": 1010,
                    "name": "D. Không thuộc các loại trên.",
                    "isAnswer": false
                }
            ],
            "questionType": {
                "id": 1,
                "name": "Multiple Choice",
                "isActive": true
            }
        },
        {
            "id": 1020,
            "name": " Trống đồng thuộc loại nguồn tư liệu gì?",
            "questionTypeId": 1,
            "options": [
                {
                    "id": 1055,
                    "questionId": 1010,
                    "name": "A. Tư liệu hiện vật                              ",
                    "isAnswer": true
                },
                {
                    "id": 1056,
                    "questionId": 1010,
                    "name": "B. Tư liệu truyền miêng",
                    "isAnswer": false
                },
                {
                    "id": 1057,
                    "questionId": 1010,
                    "name": "C. Tư liệu chữ viết                              ",
                    "isAnswer": false
                },
                {
                    "id": 1058,
                    "questionId": 1010,
                    "name": "D. Vừa hiện vật vừa chữ viết.",
                    "isAnswer": false
                }
            ],
            "questionType": {
                "id": 1,
                "name": "Multiple Choice",
                "isActive": true
            }
        },
        {
            "id": 1021,
            "name": " Truyền thuyết Sơn Tinh- Thủy Tinh thuộc loại tư liệu nào?",
            "questionTypeId": 1,
            "options": [
                {
                    "id": 1055,
                    "questionId": 1010,
                    "name": "  C. Tư liệu chữ viết                                    ",
                    "isAnswer": false
                },
                {
                    "id": 1056,
                    "questionId": 1010,
                    "name": "B. Không được coi là tư liệu",
                    "isAnswer": false
                },
                {
                    "id": 1057,
                    "questionId": 1010,
                    "name": "C. Tư liệu hiện vật                ",
                    "isAnswer": false
                },
                {
                    "id": 1058,
                    "questionId": 1010,
                    "name": "D. Tư liệu truyền miệng                           ",
                    "isAnswer": true
                }
            ],
            "questionType": {
                "id": 1,
                "name": "Multiple Choice",
                "isActive": true
            }
        },
        {
            "id": 1022,
            "name": "  Tìm hiểu và dựng lại toàn bộ hoạt động của con người và xã hội loài người trong quá khứ là nhiệm vụ của môn học nào?",
            "questionTypeId": 1,
            "options": [
                {
                    "id": 1055,
                    "questionId": 1010,
                    "name": " A. Môn văn học      ",
                    "isAnswer": false
                },
                {
                    "id": 1056,
                    "questionId": 1010,
                    "name": "B. Môn khảo cổ học              ",
                    "isAnswer": false
                },
                {
                    "id": 1057,
                    "questionId": 1010,
                    "name": "C. Môn sử học                                     ",
                    "isAnswer": true
                },
                {
                    "id": 1058,
                    "questionId": 1010,
                    "name": "D. Môn sinh vật học                                ",
                    "isAnswer": false
                }
            ],
            "questionType": {
                "id": 1,
                "name": "Multiple Choice",
                "isActive": true
            }
        },
        {
            "id": 1023,
            "name": "  Trên các tờ lịch của Việt Nam đều có ghi cả Âm lịch và Dương lịch vì",
            "questionTypeId": 1,
            "options": [
                {
                    "id": 1055,
                    "questionId": 1010,
                    "name": " A.nước ta dùng dươn g lịch theo lịch chung của thế giới, nhưng trong nhân dân vẫn dùng âm lịch theo truyền thống. ",
                    "isAnswer": false
                },
                {
                    "id": 1056,
                    "questionId": 1010,
                    "name": "B. cả Âm lịch và Dương lịch đều chính xác như nhau.    ",
                    "isAnswer": false
                },
                {
                    "id": 1057,
                    "questionId": 1010,
                    "name": "C.âm lịch theo phương đông còn dương lịch theo phương tây.          ",
                    "isAnswer": false
                },
                {
                    "id": 1058,
                    "questionId": 1010,
                    "name": "D ở nước ta vẫn dùng hai loại lịch âm và dương lịch song song với nhau.  ",
                    "isAnswer": true
                }
            ],
            "questionType": {
                "id": 1,
                "name": "Multiple Choice",
                "isActive": true
            }
        },
        {
            "id": 1024,
            "name": "  Dương lịch là loại lịch dựa theo",
            "questionTypeId": 1,
            "options": [
                {
                    "id": 1055,
                    "questionId": 1010,
                    "name": " A.sự  di chuyển  của Trái đất quanh Mặt Trời. ",
                    "isAnswer": true
                },
                {
                    "id": 1056,
                    "questionId": 1010,
                    "name": "B. sự  di chuyển  của Mặt Trăng quanh  Trái Đất. ",
                    "isAnswer": false
                },
                {
                    "id": 1057,
                    "questionId": 1010,
                    "name": "C. sự  di chuyển  của Mặt Trăng quanh  Trái Đất và Trái Đất quanh Mặt Trời.    ",
                    "isAnswer": false
                },
                {
                    "id": 1058,
                    "questionId": 1010,
                    "name": "D.chu kì chuyển động của Trái Đất quanh trục của nó. ",
                    "isAnswer": false
                }
            ],
            "questionType": {
                "id": 1,
                "name": "Multiple Choice",
                "isActive": true
            }
        },
        {
            "id": 1025,
            "name": " Theo em, âm lịch là loại lịch dựa theo",
            "questionTypeId": 1,
            "options": [
                {
                    "id": 1055,
                    "questionId": 1010,
                    "name": " A. chu kì chuyển động của Trái Đất quanh Mặt Trời.",
                    "isAnswer": false
                },
                {
                    "id": 1056,
                    "questionId": 1010,
                    "name": "B. chu kì chuyển động của mặt trăng quanh Mặt Trời.",
                    "isAnswer": false
                },
                {
                    "id": 1057,
                    "questionId": 1010,
                    "name": "C.chu kì chuyển động của mặt trăng quanh Trái Đất. ",
                    "isAnswer": true
                },
                {
                    "id": 1058,
                    "questionId": 1010,
                    "name": "D. chu kì chuyển động của Mặt Trời quanh Trái Đất.",
                    "isAnswer": false
                }
            ],
            "questionType": {
                "id": 1,
                "name": "Multiple Choice",
                "isActive": true
            }
        },
        {
            "id": 1026,
            "name": "   Một thế kỉ có bao nhiêu năm?",
            "questionTypeId": 1,
            "options": [
                {
                    "id": 1055,
                    "questionId": 1010,
                    "name": " A. 1000 năm",
                    "isAnswer": false
                },
                {
                    "id": 1056,
                    "questionId": 1010,
                    "name": "B. 100 năm",
                    "isAnswer": true
                },
                {
                    "id": 1057,
                    "questionId": 1010,
                    "name": "C.10 năm",
                    "isAnswer": false
                },
                {
                    "id": 1058,
                    "questionId": 1010,
                    "name": "D. 10000 năm",
                    "isAnswer": false
                }
            ],
            "questionType": {
                "id": 1,
                "name": "Multiple Choice",
                "isActive": true
            }
        },
        {
            "id": 1027,
            "name": "   Ở Việt Nam ngày 10 – 3 âm lịch hàng năm là ngày gì?",
            "questionTypeId": 1,
            "options": [
                {
                    "id": 1055,
                    "questionId": 1010,
                    "name": " A.Tết cơm mới",
                    "isAnswer": false
                },
                {
                    "id": 1056,
                    "questionId": 1010,
                    "name": "B. Giỗ tổ Hùng Vương",
                    "isAnswer": true
                },
                {
                    "id": 1057,
                    "questionId": 1010,
                    "name": "C.Tết hàn thực",
                    "isAnswer": false
                },
                {
                    "id": 1058,
                    "questionId": 1010,
                    "name": "D. Tết Nguyên Đán",
                    "isAnswer": false
                }
            ],
            "questionType": {
                "id": 1,
                "name": "Multiple Choice",
                "isActive": true
            }
        },
        {
            "id": 1028,
            "name": "  Chúa Giê – xu là ai?",
            "questionTypeId": 1,
            "options": [
                {
                    "id": 1055,
                    "questionId": 1010,
                    "name": " A.Người sáng lập ra đạo Thiên Chúa",
                    "isAnswer": true
                },
                {
                    "id": 1056,
                    "questionId": 1010,
                    "name": "B. Người sáng tạo ra Dương Lịch",
                    "isAnswer": false
                },
                {
                    "id": 1057,
                    "questionId": 1010,
                    "name": "C.Người sáng tạo ra âm lịch",
                    "isAnswer": false
                },
                {
                    "id": 1058,
                    "questionId": 1010,
                    "name": "D. Người tính được chu kì hoạt động của các chòm sao trong hệ mặt trời.",
                    "isAnswer": false
                }
            ],
            "questionType": {
                "id": 1,
                "name": "Multiple Choice",
                "isActive": true
            }
        },
        {
            "id": 1029,
            "name": "  Loài người là kết quả của quá trình tiến hóa từ",
            "questionTypeId": 1,
            "options": [
                {
                    "id": 1055,
                    "questionId": 1010,
                    "name": " A.Người tối cổ",
                    "isAnswer": true
                },
                {
                    "id": 1056,
                    "questionId": 1010,
                    "name": "B.Vượn người. ",
                    "isAnswer": true
                },
                {
                    "id": 1057,
                    "questionId": 1010,
                    "name": "C.Người tinh khôn",
                    "isAnswer": false
                },
                {
                    "id": 1058,
                    "questionId": 1010,
                    "name": "D. Vượn.",
                    "isAnswer": false
                }
            ],
            "questionType": {
                "id": 1,
                "name": "Multiple Choice",
                "isActive": true
            }
        },
        {
            "id": 1030,
            "name": " Người tối cổ xuất hiện vào khoảng thời gian nào?",
            "questionTypeId": 1,
            "options": [
                {
                    "id": 1055,
                    "questionId": 1010,
                    "name": " A. Khoảng 4 triệu năm.                   ",
                    "isAnswer": true
                },
                {
                    "id": 1056,
                    "questionId": 1010,
                    "name": "B. Khoảng 5 -6 triệu năm.",
                    "isAnswer": true
                },
                {
                    "id": 1057,
                    "questionId": 1010,
                    "name": "C. Khoảng 3 triệu năm.                       ",
                    "isAnswer": false
                },
                {
                    "id": 1058,
                    "questionId": 1010,
                    "name": "D. Khoảng 15 vạn  năm.",
                    "isAnswer": false
                }
            ],
            "questionType": {
                "id": 1,
                "name": "Multiple Choice",
                "isActive": true
            }
        },
        {
            "id": 1031,
            "name": "  Người tinh khôn  xuất hiện vào khoảng thời gian nào?",
            "questionTypeId": 1,
            "options": [
                {
                    "id": 1055,
                    "questionId": 1010,
                    "name": " A. Khoảng 4 vạn  năm.                        ",
                    "isAnswer": false
                },
                {
                    "id": 1056,
                    "questionId": 1010,
                    "name": "B. Khoảng 15 vạn  năm.                       ",
                    "isAnswer": true
                },
                {
                    "id": 1057,
                    "questionId": 1010,
                    "name": "C. Khoảng 10 vạn  năm.                        ",
                    "isAnswer": false
                },
                {
                    "id": 1058,
                    "questionId": 1010,
                    "name": "D. Khoảng 60 vạn  năm.",
                    "isAnswer": false
                }
            ],
            "questionType": {
                "id": 1,
                "name": "Multiple Choice",
                "isActive": true
            }
        },
        {
            "id": 1032,
            "name": "  So với loài Vượn người, về cấu tạo cơ thể, Người tối cổ tiến hóa hơn hẳn ở điểm nào?",
            "questionTypeId": 1,
            "options": [
                {
                    "id": 1055,
                    "questionId": 1010,
                    "name": " A.Cơ thể Người tối cổ lớn hơn Vượn người.    ",
                    "isAnswer": false
                },
                {
                    "id": 1056,
                    "questionId": 1010,
                    "name": "B.Trán thấp và bợt ra sau, u mày nổi cao.  ",
                    "isAnswer": false
                },
                {
                    "id": 1057,
                    "questionId": 1010,
                    "name": "C.Đã loại bỏ hết dấu tích vượn trên cơ thể. ",
                    "isAnswer": false
                },
                {
                    "id": 1058,
                    "questionId": 1010,
                    "name": "D.Thể tích hộp sọ lớn hơn, đã hình thành trung tâm phát tiếng nói trong não.",
                    "isAnswer": true
                }
            ],
            "questionType": {
                "id": 1,
                "name": "Multiple Choice",
                "isActive": true
            }
        },
        {
            "id": 1033,
            "name": "  Người tối cổ sống theo:",
            "questionTypeId": 1,
            "options": [
                {
                    "id": 1055,
                    "questionId": 1010,
                    "name": " A.Bầy  ",
                    "isAnswer": true
                },
                {
                    "id": 1056,
                    "questionId": 1010,
                    "name": "B.Thị tộc ",
                    "isAnswer": false
                },
                {
                    "id": 1057,
                    "questionId": 1010,
                    "name": "C.Bộ lạc ",
                    "isAnswer": false
                },
                {
                    "id": 1058,
                    "questionId": 1010,
                    "name": "D.Công xã",
                    "isAnswer": false
                }
            ],
            "questionType": {
                "id": 1,
                "name": "Multiple Choice",
                "isActive": true
            }
        },
        {
            "id": 1034,
            "name": "  Trong quá trình tồn tại và phát triển,  người tối cổ đã có  phát minh lớn gì?",
            "questionTypeId": 1,
            "options": [
                {
                    "id": 1055,
                    "questionId": 1010,
                    "name": " A. Biết chế tạo ra đồ đá để sản xuất.  ",
                    "isAnswer": false
                },
                {
                    "id": 1056,
                    "questionId": 1010,
                    "name": "B. Biết giữ lửa trong tự nhiên",
                    "isAnswer": false
                },
                {
                    "id": 1057,
                    "questionId": 1010,
                    "name": "C. Biết chế tạo ra lửa bằng cách ghè 2 mảnh đá với nhau. ",
                    "isAnswer": true
                },
                {
                    "id": 1058,
                    "questionId": 1010,
                    "name": "D. Biết sử dụng kim loại.",
                    "isAnswer": false
                }
            ],
            "questionType": {
                "id": 1,
                "name": "Multiple Choice",
                "isActive": true
            }
        },
        {
            "id": 1035,
            "name": " Xã hội nguyên thủy trải qua những giai đoạn phát triển nào? ",
            "questionTypeId": 1,
            "options": [
                {
                    "id": 1055,
                    "questionId": 1010,
                    "name": " A.Bầy người nguyên thủy, công xã thị tộc, bộ lạc.  ",
                    "isAnswer": false
                },
                {
                    "id": 1056,
                    "questionId": 1010,
                    "name": "B. Bầy người nguyên thủy, công xã thị tộc.",
                    "isAnswer": true
                },
                {
                    "id": 1057,
                    "questionId": 1010,
                    "name": "C. Bầy người nguyên thủy, người tinh khôn. ",
                    "isAnswer": false
                },
                {
                    "id": 1058,
                    "questionId": 1010,
                    "name": "D. Bầy người nguyên thủy, người tối cổ.",
                    "isAnswer": false
                }
            ],
            "questionType": {
                "id": 1,
                "name": "Multiple Choice",
                "isActive": true
            }
        },
        {
            "id": 1036,
            "name": "  Tổ chức xã hội của Người tinh khôn là:",
            "questionTypeId": 1,
            "options": [
                {
                    "id": 1055,
                    "questionId": 1010,
                    "name": " A. sống thành từng gia đình riêng lẻ gồm vợ, chồng và con cái.",
                    "isAnswer": false
                },
                {
                    "id": 1056,
                    "questionId": 1010,
                    "name": "B. sống thành từng bầy, khoảng vài chục người trong các hang động, mái đá.",
                    "isAnswer": false
                },
                {
                    "id": 1057,
                    "questionId": 1010,
                    "name": "C.sống thành từng gia đình riêng lẻ, lang thang trong rừng rậm. ",
                    "isAnswer": false
                },
                {
                    "id": 1058,
                    "questionId": 1010,
                    "name": "D. sống quần tụ trong các thị tộc gồm 2,3 thế hệ.",
                    "isAnswer": true
                }
            ],
            "questionType": {
                "id": 1,
                "name": "Multiple Choice",
                "isActive": true
            }
        },
        {
            "id": 1037,
            "name": "  Tổ chức đầu tiên của loài người là",
            "questionTypeId": 1,
            "options": [
                {
                    "id": 1055,
                    "questionId": 1010,
                    "name": " A. Bầy người",
                    "isAnswer": true
                },
                {
                    "id": 1056,
                    "questionId": 1010,
                    "name": "B. Làng bản",
                    "isAnswer": false
                },
                {
                    "id": 1057,
                    "questionId": 1010,
                    "name": "C.thị tộc ",
                    "isAnswer": false
                },
                {
                    "id": 1058,
                    "questionId": 1010,
                    "name": "D. bộ lạc",
                    "isAnswer": false
                }
            ],
            "questionType": {
                "id": 1,
                "name": "Multiple Choice",
                "isActive": true
            }
        },
        {
            "id": 1038,
            "name": " Con người đã phát hiện và dùng kim lại để chế tạo công cụ vào khoảng thời gian nào? ",
            "questionTypeId": 1,
            "options": [
                {
                    "id": 1055,
                    "questionId": 1010,
                    "name": " A. Thiên niên kỉ V TCN.",
                    "isAnswer": false
                },
                {
                    "id": 1056,
                    "questionId": 1010,
                    "name": "B. Thiên niên kỉ III TCN.",
                    "isAnswer": false
                },
                {
                    "id": 1057,
                    "questionId": 1010,
                    "name": "C. Thiên niên kỉ II TCN.           ",
                    "isAnswer": false
                },
                {
                    "id": 1058,
                    "questionId": 1010,
                    "name": "D.Thiên niên kỉ IV TCN.          ",
                    "isAnswer": true
                }
            ],
            "questionType": {
                "id": 1,
                "name": "Multiple Choice",
                "isActive": true
            }
        },
        {
            "id": 1039,
            "name": " Kim loại đầu tiên mà người Tây Á và Ai Cập phát hiện ra là ",
            "questionTypeId": 1,
            "options": [
                {
                    "id": 1055,
                    "questionId": 1010,
                    "name": " A. Sắt",
                    "isAnswer": false
                },
                {
                    "id": 1056,
                    "questionId": 1010,
                    "name": "B. Đồng dỏ",
                    "isAnswer": true
                },
                {
                    "id": 1057,
                    "questionId": 1010,
                    "name": "C. đồn thau     ",
                    "isAnswer": false
                },
                {
                    "id": 1058,
                    "questionId": 1010,
                    "name": "D.Nhôm      ",
                    "isAnswer": false
                }
            ],
            "questionType": {
                "id": 1,
                "name": "Multiple Choice",
                "isActive": true
            }
        }
    ]
}
